[{"storeId": "ChIJc__6qZZ_mQARIzGVyfcEPZE", "store": "Escritorio Cont\u00e1bil Maximino", "schedule": [{"monday": [1, 1], "tuesday": [0, 1], "wednesday": [1, 0], "thursday": [1, 0], "friday": [1, 0]}]}, {"storeId": "ChIJ64T92Jp_mQAR-9GjXrWvWcI", "store": "Heliponto Pal\u00e1cio Laranjeiras", "schedule": [{"monday": [0, 1], "tuesday": [1, 1], "wednesday": [0, 1], "thursday": [1, 0], "friday": [1, 1]}]}, {"storeId": "ChIJOxxnnHp_mQARv7-92NaoD0M", "store": "PetZilla", "schedule": [{"monday": [0, 1], "tuesday": [1, 0], "wednesday": [1, 0], "thursday": [1, 0], "friday": [1, 0]}]}, {"storeId": "ChIJuZ1Ic4N_mQARIx6FfT_KSqg", "store": "The Maze", "schedule": [{"monday": [1, 0], "tuesday": [1, 0], "wednesday": [1, 0], "thursday": [1, 0], "friday": [1, 1]}]}, {"storeId": "ChIJkcMQRYR_mQARQA2ysOxSGhY", "store": "Bob Cunha", "schedule": [{"monday": [1, 1], "tuesday": [1, 1], "wednesday": [1, 1], "thursday": [1, 0], "friday": [1, 1]}]}, {"storeId": "ChIJqwvdyYV_mQAR5hO3f2H6SjU", "store": "Banco BMG", "schedule": [{"monday": [0, 1], "tuesday": [0, 0], "wednesday": [0, 0], "thursday": [1, 0], "friday": [0, 1]}]}, {"storeId": "ChIJRQrueeDYmwARjHHPNfyV7zs", "store": "Federal Savings Bank", "schedule": [{"monday": [1, 0], "tuesday": [1, 1], "wednesday": [1, 1], "thursday": [0, 1], "friday": [0, 1]}]}, {"storeId": "ChIJiYlvoYV_mQARPhhq5uyUDIo", "store": "Banco24Horas", "schedule": [{"monday": [0, 1], "tuesday": [1, 0], "wednesday": [1, 0], "thursday": [1, 1], "friday": [1, 0]}]}, {"storeId": "ChIJKUxkA5F_mQARXFQvBBO7h8A", "store": "P\u00e3o & Companhia", "schedule": [{"monday": [1, 0], "tuesday": [1, 0], "wednesday": [1, 1], "thursday": [0, 1], "friday": [1, 0]}]}, {"storeId": "ChIJyXOfUJB_mQARtQPOBvWBbs8", "store": "Bradesco", "schedule": [{"monday": [1, 1], "tuesday": [1, 0], "wednesday": [1, 0], "thursday": [1, 1], "friday": [1, 1]}]}, {"storeId": "ChIJN3WvVn9_mQAR03eyOWSkrRc", "store": "Ateli\u00ea das Unhas Layla Gon\u00e7alves", "schedule": [{"monday": [0, 1], "tuesday": [0, 1], "wednesday": [1, 1], "thursday": [0, 1], "friday": [1, 1]}]}, {"storeId": "ChIJmbFBFZB_mQARCN_anj7q0yg", "store": "Fietsrio Bikeshop", "schedule": [{"monday": [1, 1], "tuesday": [1, 0], "wednesday": [1, 1], "thursday": [0, 1], "friday": [0, 1]}]}, {"storeId": "ChIJlXMsppZ_mQARfvIjAi1o7Wc", "store": "Bike - Loja e Pe\u00e7as para Bicicletas", "schedule": [{"monday": [1, 1], "tuesday": [1, 0], "wednesday": [1, 1], "thursday": [1, 1], "friday": [1, 0]}]}, {"storeId": "ChIJ7xVVTYR_mQARnHObNKfIOUQ", "store": "Livraria Odontom\u00e9dica Napole\u00e3o", "schedule": [{"monday": [0, 1], "tuesday": [1, 0], "wednesday": [1, 1], "thursday": [0, 1], "friday": [0, 1]}]}, {"storeId": "ChIJkT5ltoV_mQARP40ZYSAArUE", "store": "Risque & Rabisque Papelaria e Presentes", "schedule": [{"monday": [1, 0], "tuesday": [1, 1], "wednesday": [1, 1], "thursday": [0, 1], "friday": [1, 0]}]}, {"storeId": "ChIJEXasQJF_mQAR4eNKOLKgJNA", "store": "Distac", "schedule": [{"monday": [0, 1], "tuesday": [0, 1], "wednesday": [0, 1], "thursday": [0, 1], "friday": [1, 1]}]}, {"storeId": "ChIJtbFfAZF_mQARvp7DZ6NvgFk", "store": "Biany Autom\u00f3veis", "schedule": [{"monday": [1, 0], "tuesday": [1, 1], "wednesday": [1, 1], "thursday": [0, 1], "friday": [1, 0]}]}, {"storeId": "ChIJIy3coe9_mQARXuwPzrrTtYw", "store": "Cardoso Cons\u00f3rcio", "schedule": [{"monday": [0, 1], "tuesday": [1, 0], "wednesday": [1, 0], "thursday": [1, 0], "friday": [1, 0]}]}, {"storeId": "ChIJX7mFd49_mQARKBbGyEtpUMI", "store": "Tivo", "schedule": [{"monday": [1, 1], "tuesday": [0, 1], "wednesday": [1, 1], "thursday": [1, 1], "friday": [1, 1]}]}, {"storeId": "ChIJCWPvMY5_mQARXmrINBkD9ho", "store": "Shell Helix", "schedule": [{"monday": [0, 1], "tuesday": [0, 1], "wednesday": [0, 1], "thursday": [1, 0], "friday": [1, 1]}]}, {"storeId": "ChIJkwMISoR_mQAR6Tiu1IfAfps", "store": "Auto Flor de Laranjeiras", "schedule": [{"monday": [1, 0], "tuesday": [1, 0], "wednesday": [1, 0], "thursday": [1, 1], "friday": [0, 1]}]}, {"storeId": "ChIJK-ZFT4R_mQARO2rj_RKBpYw", "store": "Igreja Messi\u00e2nica Mundial do Brasil - Laranjeiras", "schedule": [{"monday": [1, 0], "tuesday": [1, 1], "wednesday": [1, 0], "thursday": [1, 1], "friday": [0, 1]}]}, {"storeId": "ChIJv_2jsIV_mQARquPzNSEtBM4", "store": "Igreja Internacional da Gra\u00e7a de Deus", "schedule": [{"monday": [1, 1], "tuesday": [0, 1], "wednesday": [1, 1], "thursday": [1, 0], "friday": [1, 1]}]}, {"storeId": "ChIJoe0srYV_mQARk2mysUDKXGE", "store": "Instituto Municipal de Urbanismo Pereira Passos - IPP", "schedule": [{"monday": [0, 0], "tuesday": [1, 0], "wednesday": [0, 0], "thursday": [0, 1], "friday": [0, 1]}]}, {"storeId": "ChIJ56KXUoR_mQAR8DobYF--yrE", "store": "Armaz\u00e9m de Dados - IPP", "schedule": [{"monday": [0, 0], "tuesday": [0, 0], "wednesday": [1, 0], "thursday": [0, 1], "friday": [0, 1]}]}, {"storeId": "ChIJpS4qypF_mQARKe-08-KN-mE", "store": "Prefeitura da Cidade do Rio de Janeiro", "schedule": [{"monday": [1, 1], "tuesday": [0, 1], "wednesday": [1, 1], "thursday": [1, 1], "friday": [0, 1]}]}, {"storeId": "ChIJAxRnTYR_mQARCYw1Q-Ieees", "store": "Rio Sa\u00fade", "schedule": [{"monday": [1, 1], "tuesday": [0, 1], "wednesday": [0, 1], "thursday": [1, 0], "friday": [0, 1]}]}, {"storeId": "ChIJbdlhpIV_mQARoQzOFSelnIQ", "store": "Angel's Fashion", "schedule": [{"monday": [1, 0], "tuesday": [0, 1], "wednesday": [0, 1], "thursday": [0, 0], "friday": [1, 1]}]}, {"storeId": "ChIJ195hpIV_mQARo4W88uvTPGU", "store": "TH Lumar", "schedule": [{"monday": [0, 0], "tuesday": [1, 0], "wednesday": [0, 1], "thursday": [0, 0], "friday": [0, 1]}]}, {"storeId": "ChIJTbC6oYV_mQAR6C5Omaf9VKU", "store": "Ipiranga - Posto Dom Pedro II", "schedule": [{"monday": [1, 1], "tuesday": [1, 1], "wednesday": [1, 1], "thursday": [1, 1], "friday": [1, 1]}]}, {"storeId": "ChIJg1AOvSN_mQARGN3H6nCadss", "store": "Lojas Americanas", "schedule": [{"monday": [1, 0], "tuesday": [1, 1], "wednesday": [1, 0], "thursday": [1, 1], "friday": [0, 1]}]}, {"storeId": "ChIJee71dYV_mQARJgdYN1Zlwr8", "store": "Loja De Conveni\u00eancia Ipiranga", "schedule": [{"monday": [1, 0], "tuesday": [1, 1], "wednesday": [1, 1], "thursday": [1, 0], "friday": [1, 1]}]}, {"storeId": "ChIJ5QZ1L45_mQARuRcRd-PuhFg", "store": "Shell Select", "schedule": [{"monday": [0, 0], "tuesday": [1, 0], "wednesday": [1, 0], "thursday": [0, 1], "friday": [0, 1]}]}, {"storeId": "ChIJFXQZm31_mQARttl4WyMoetc", "store": "Shell Select", "schedule": [{"monday": [0, 1], "tuesday": [0, 1], "wednesday": [0, 0], "thursday": [1, 0], "friday": [1, 0]}]}, {"storeId": "ChIJdSHNUoR_mQARl7Zf1QBOy7Q", "store": "24hDentist", "schedule": [{"monday": [0, 1], "tuesday": [0, 1], "wednesday": [0, 1], "thursday": [1, 0], "friday": [1, 1]}]}, {"storeId": "ChIJtQPnXY9_mQARVTXU9G4vf90", "store": "Drogarias Tamba\u00fa", "schedule": [{"monday": [1, 1], "tuesday": [1, 1], "wednesday": [1, 1], "thursday": [1, 1], "friday": [1, 1]}]}, {"storeId": "ChIJLTNKQJB_mQARZ2VhY8uWlW4", "store": "Droga Raia", "schedule": [{"monday": [1, 1], "tuesday": [1, 1], "wednesday": [1, 1], "thursday": [1, 1], "friday": [1, 1]}]}, {"storeId": "ChIJFfj_Q5B_mQARkiUKCLxE8pI", "store": "Drogaria Cristal", "schedule": [{"monday": [1, 1], "tuesday": [1, 1], "wednesday": [1, 1], "thursday": [1, 1], "friday": [1, 1]}]}, {"storeId": "ChIJPyVRJ5t_mQARKwtC2TRRoLs", "store": "ELETRICISTA INFORMATICA e SEGURAN\u00c7A ELETRONICA", "schedule": [{"monday": [1, 1], "tuesday": [1, 0], "wednesday": [1, 0], "thursday": [1, 0], "friday": [1, 0]}]}, {"storeId": "ChIJtT3Yl3h_mQARF_2Oll7R9FI", "store": "Paolo B Monti Consultoria", "schedule": [{"monday": [0, 1], "tuesday": [1, 1], "wednesday": [1, 0], "thursday": [1, 0], "friday": [1, 1]}]}, {"storeId": "ChIJcaqGZ4V_mQAR45pzSRWL-Wg", "store": "Bametal Ltda", "schedule": [{"monday": [0, 1], "tuesday": [1, 0], "wednesday": [1, 0], "thursday": [1, 1], "friday": [0, 1]}]}, {"storeId": "ChIJq6r6PZB_mQAR41ivvspDNBM", "store": "Flores Laranjeiras", "schedule": [{"monday": [1, 1], "tuesday": [0, 1], "wednesday": [1, 0], "thursday": [1, 0], "friday": [1, 1]}]}, {"storeId": "ChIJrw6Pq5Z_mQAR2bWnq0i1a5c", "store": "A Roseira Decora\u00e7\u00f5es", "schedule": [{"monday": [0, 1], "tuesday": [1, 0], "wednesday": [1, 1], "thursday": [1, 1], "friday": [0, 1]}]}, {"storeId": "ChIJe6h7LYR_mQARDG66M9i6cIY", "store": "SustenArq", "schedule": [{"monday": [0, 1], "tuesday": [1, 0], "wednesday": [1, 1], "thursday": [1, 0], "friday": [1, 0]}]}, {"storeId": "ChIJT8MEhoV_mQARVQuZQdf2oyg", "store": "MinD Laranjeiras", "schedule": [{"monday": [0, 1], "tuesday": [0, 1], "wednesday": [0, 1], "thursday": [0, 1], "friday": [0, 1]}]}, {"storeId": "ChIJKRzsL45_mQARUdeKCDje9ro", "store": "Posto Shell - Posto Palacio Guanabara Ltda", "schedule": [{"monday": [1, 1], "tuesday": [1, 1], "wednesday": [1, 1], "thursday": [1, 1], "friday": [1, 1]}]}, {"storeId": "ChIJUYMeoYV_mQARV829_fhEDHU", "store": "Four Fitness Academy", "schedule": [{"monday": [1, 0], "tuesday": [1, 1], "wednesday": [1, 0], "thursday": [1, 1], "friday": [0, 1]}]}, {"storeId": "ChIJfS3r-49_mQARBZGO7CDEyIU", "store": "Barbearia Del Prete", "schedule": [{"monday": [1, 0], "tuesday": [1, 0], "wednesday": [0, 1], "thursday": [1, 0], "friday": [0, 1]}]}, {"storeId": "ChIJR8pZ_o9_mQARPdoj-spN7YY", "store": "Lifecare - Aesthetic Clinic", "schedule": [{"monday": [0, 0], "tuesday": [1, 0], "wednesday": [1, 0], "thursday": [1, 0], "friday": [1, 1]}]}, {"storeId": "ChIJJ3bssIV_mQARDjmvuwLpjzQ", "store": "Silvanio's Hair Design", "schedule": [{"monday": [1, 1], "tuesday": [1, 1], "wednesday": [0, 1], "thursday": [0, 1], "friday": [1, 0]}]}, {"storeId": "ChIJE4n4toV_mQAR6AkIACs1I7M", "store": "Hot Spot", "schedule": [{"monday": [0, 1], "tuesday": [1, 1], "wednesday": [1, 0], "thursday": [1, 1], "friday": [1, 0]}]}, {"storeId": "ChIJ065loJF_mQARG-QisPujUtw", "store": "Clinical Enio Serra", "schedule": [{"monday": [1, 1], "tuesday": [1, 1], "wednesday": [1, 1], "thursday": [1, 1], "friday": [1, 1]}]}, {"storeId": "ChIJh-ljpIV_mQARdIzObT_ZBCE", "store": "Hospital Rio Laranjeiras", "schedule": [{"monday": [1, 1], "tuesday": [1, 1], "wednesday": [1, 1], "thursday": [1, 1], "friday": [1, 1]}]}, {"storeId": "ChIJyywxCZB_mQARJVe8hI4Nl_8", "store": "Maternidade Escola da UFRJ", "schedule": [{"monday": [1, 1], "tuesday": [1, 1], "wednesday": [1, 1], "thursday": [1, 1], "friday": [1, 1]}]}, {"storeId": "ChIJjdf45Y5_mQARvGnyOpSGbhk", "store": "Centro M\u00e9dico Paysandu", "schedule": [{"monday": [1, 1], "tuesday": [1, 1], "wednesday": [1, 1], "thursday": [1, 1], "friday": [1, 1]}]}, {"storeId": "ChIJnxCR-kB_mQARD_y7WRy2dwc", "store": "Igreja Universal do Reino de Bass", "schedule": [{"monday": [1, 1], "tuesday": [1, 1], "wednesday": [1, 1], "thursday": [1, 1], "friday": [1, 1]}]}, {"storeId": "ChIJjwuPq5Z_mQARF4P7cS85GVQ", "store": "LAVAMAX LAVANDERIA", "schedule": [{"monday": [0, 1], "tuesday": [1, 1], "wednesday": [1, 1], "thursday": [0, 1], "friday": [1, 0]}]}, {"storeId": "ChIJW7jOjJl_mQARXqIGAhR9il0", "store": "Cascardo Licer Advogados", "schedule": [{"monday": [1, 0], "tuesday": [1, 0], "wednesday": [1, 0], "thursday": [1, 1], "friday": [1, 0]}]}, {"storeId": "ChIJ91MH6Y1_mQAROyF8fh9JJ48", "store": "Advocacia Ramos", "schedule": [{"monday": [1, 1], "tuesday": [1, 0], "wednesday": [1, 1], "thursday": [1, 1], "friday": [0, 1]}]}, {"storeId": "ChIJCw5GcoV_mQARZnr7px1Mo0Q", "store": "Wine & Point", "schedule": [{"monday": [1, 0], "tuesday": [1, 1], "wednesday": [1, 1], "thursday": [1, 0], "friday": [1, 0]}]}, {"storeId": "ChIJ01ncLY5_mQARAnAT_5oHyKM", "store": "Beba Hush", "schedule": [{"monday": [1, 1], "tuesday": [1, 1], "wednesday": [1, 1], "thursday": [1, 0], "friday": [1, 1]}]}, {"storeId": "ChIJqbud3ZF_mQARJKQSrDGEptc", "store": "General Public Defender's Office of Rio de Janeiro State", "schedule": [{"monday": [1, 0], "tuesday": [0, 0], "wednesday": [1, 1], "thursday": [0, 0], "friday": [1, 1]}]}, {"storeId": "ChIJ-_IsWIR_mQARi5LZ1cReN00", "store": "IRPH", "schedule": [{"monday": [1, 1], "tuesday": [1, 0], "wednesday": [1, 1], "thursday": [0, 1], "friday": [0, 1]}]}, {"storeId": "ChIJ5-G0OpB_mQAR8NTPHC-EJpc", "store": "Municipal Urban Planning Bureau", "schedule": [{"monday": [1, 0], "tuesday": [1, 1], "wednesday": [1, 1], "thursday": [0, 1], "friday": [0, 1]}]}, {"storeId": "ChIJ2dTTy5F_mQAR3DpzlFcPhxM", "store": "IV Regi\u00e3o Administrativa da Prefeitura", "schedule": [{"monday": [0, 1], "tuesday": [1, 1], "wednesday": [0, 0], "thursday": [1, 1], "friday": [0, 1]}]}, {"storeId": "ChIJ78fdRLGPmQARmI1O2HhdTvU", "store": "Governo do Estado do Rio de Janeiro", "schedule": [{"monday": [0, 1], "tuesday": [1, 0], "wednesday": [1, 1], "thursday": [1, 1], "friday": [1, 1]}]}, {"storeId": "ChIJVb5nb1h_mQARPdoLElmLF0U", "store": "Chaveiro das Laranjeiras", "schedule": [{"monday": [0, 1], "tuesday": [1, 0], "wednesday": [1, 0], "thursday": [1, 1], "friday": [1, 1]}]}, {"storeId": "ChIJQb8xFpR_mQARyGeHa3wRMP4", "store": "Pizzaria do Bairro", "schedule": [{"monday": [0, 1], "tuesday": [1, 1], "wednesday": [1, 1], "thursday": [1, 0], "friday": [1, 0]}]}, {"storeId": "ChIJGU6Mj49_mQARhHyhc3YMdX0", "store": "China in Box", "schedule": [{"monday": [0, 1], "tuesday": [1, 1], "wednesday": [1, 0], "thursday": [1, 0], "friday": [1, 0]}]}, {"storeId": "ChIJv_DVgul_mQARTEOoVTUUCr8", "store": "Hoje tem Curry! - Comida Indiana", "schedule": [{"monday": [1, 0], "tuesday": [1, 0], "wednesday": [1, 0], "thursday": [1, 0], "friday": [0, 1]}]}, {"storeId": "ChIJe1AA2d_YmwARZpeM6s5a3UY", "store": "Boomerang Mix", "schedule": [{"monday": [1, 0], "tuesday": [1, 0], "wednesday": [1, 0], "thursday": [1, 1], "friday": [1, 1]}]}, {"storeId": "ChIJIX0YBZp_mQARPZx8UCH96xs", "store": "Martins Morais Fretes & Mudan\u00e7as", "schedule": [{"monday": [0, 1], "tuesday": [1, 0], "wednesday": [1, 0], "thursday": [1, 0], "friday": [1, 1]}]}, {"storeId": "ChIJGdRQRZB_mQARivZlus6OmyA", "store": "Mudan\u00e7as Residenciais RJ Laranjeiras, Copacabana, Leblon, Ipanema, Tijuca, M\u00e9ier, Barra da Tijuca", "schedule": [{"monday": [0, 1], "tuesday": [1, 1], "wednesday": [1, 0], "thursday": [1, 1], "friday": [1, 1]}]}, {"storeId": "ChIJoahKIih_mQAREeYzNKQ8DE8", "store": "Camelo Mudan\u00e7as - Mudan\u00e7as Interestaduais - Intermunicipais - Residenciais - Carretos - Transporte de Cargas - Fretes em Laranjeiras RJ", "schedule": [{"monday": [0, 1], "tuesday": [0, 1], "wednesday": [0, 1], "thursday": [0, 1], "friday": [0, 1]}]}, {"storeId": "ChIJSfkqApB_mQARQF0WdH7EfNg", "store": "Pra\u00e7a Carlo Del Prete", "schedule": [{"monday": [1, 1], "tuesday": [0, 1], "wednesday": [1, 1], "thursday": [1, 1], "friday": [1, 0]}]}, {"storeId": "ChIJsTca75F_mQAR6bih3WYMFr8", "store": "Sala de Trof\u00e9us - Fluminense FC", "schedule": [{"monday": [0, 1], "tuesday": [0, 1], "wednesday": [0, 1], "thursday": [1, 1], "friday": [1, 1]}]}, {"storeId": "ChIJ2eOeN4R_mQARG-N3OwWm1ps", "store": "Garagem Azevedo", "schedule": [{"monday": [0, 1], "tuesday": [1, 0], "wednesday": [1, 1], "thursday": [1, 1], "friday": [0, 1]}]}, {"storeId": "ChIJLblyG5F_mQARsTgTTXg9Q5w", "store": "Pet Market", "schedule": [{"monday": [0, 0], "tuesday": [1, 0], "wednesday": [1, 0], "thursday": [1, 0], "friday": [0, 1]}]}, {"storeId": "ChIJG5AK_o9_mQARtp2g_aGx4TA", "store": "Pet Studio", "schedule": [{"monday": [0, 1], "tuesday": [1, 0], "wednesday": [1, 1], "thursday": [1, 0], "friday": [1, 0]}]}, {"storeId": "ChIJk0iHXo9_mQAR9mCbbYowMAA", "store": "Vet Ypiranga Hospital & Pet Shop - Unidade Laranjeiras", "schedule": [{"monday": [0, 1], "tuesday": [1, 0], "wednesday": [1, 0], "thursday": [1, 0], "friday": [1, 1]}]}, {"storeId": "ChIJoZpgX_h_mQAR4R0kNcBzXOE", "store": "Turma da Lica Pet Shop", "schedule": [{"monday": [1, 1], "tuesday": [0, 1], "wednesday": [0, 1], "thursday": [0, 1], "friday": [0, 1]}]}, {"storeId": "ChIJ__8buIV_mQAR6sY-wtZqTlo", "store": "Bioderme Farm\u00e1cia de Manipula\u00e7\u00e3o", "schedule": [{"monday": [1, 1], "tuesday": [1, 1], "wednesday": [1, 1], "thursday": [1, 1], "friday": [1, 1]}]}, {"storeId": "ChIJfdLNLJp_mQARpArxJTx1IiY", "store": "Police Special Operations Battalion", "schedule": [{"monday": [0, 1], "tuesday": [1, 1], "wednesday": [0, 1], "thursday": [0, 1], "friday": [0, 1]}]}, {"storeId": "ChIJs5c7Kpt_mQARPTqPRCHG1E8", "store": "Pol\u00edcia Militar", "schedule": [{"monday": [0, 1], "tuesday": [1, 1], "wednesday": [0, 1], "thursday": [1, 1], "friday": [0, 1]}]}, {"storeId": "ChIJbwCaFY5_mQARl25R6vrdI0c", "store": "Col\u00e9gio Divertivendo", "schedule": [{"monday": [0, 1], "tuesday": [0, 1], "wednesday": [1, 1], "thursday": [0, 1], "friday": [0, 1]}]}, {"storeId": "ChIJQSay349_mQAR4gfFAr2WW28", "store": "Temporada Express", "schedule": [{"monday": [0, 1], "tuesday": [1, 0], "wednesday": [1, 1], "thursday": [1, 1], "friday": [1, 0]}]}, {"storeId": "ChIJxbs3PK7VmwARfucAkaeRRPk", "store": "Vegetariano Social Clube", "schedule": [{"monday": [1, 1], "tuesday": [1, 0], "wednesday": [1, 1], "thursday": [0, 1], "friday": [1, 1]}]}, {"storeId": "ChIJn2HfqYV_mQARP3vJ3LCn_cU", "store": "Aurya Pires", "schedule": [{"monday": [1, 0], "tuesday": [1, 1], "wednesday": [1, 0], "thursday": [1, 1], "friday": [1, 0]}]}, {"storeId": "ChIJGyRgrYV_mQARH6S_9WW6p40", "store": "Novo P\u00e9", "schedule": [{"monday": [0, 1], "tuesday": [0, 1], "wednesday": [0, 1], "thursday": [0, 1], "friday": [1, 1]}]}, {"storeId": "ChIJNaK4pIV_mQARjpmWWjAmLSs", "store": "O Expresso", "schedule": [{"monday": [0, 1], "tuesday": [0, 0], "wednesday": [1, 0], "thursday": [1, 1], "friday": [0, 1]}]}, {"storeId": "ChIJEdfPbKx_mQARv4MVrzOg26g", "store": "\u00d3tica EVIDENCE - loja 18", "schedule": [{"monday": [0, 1], "tuesday": [1, 1], "wednesday": [1, 1], "thursday": [1, 1], "friday": [1, 1]}]}, {"storeId": "ChIJDz5Bvh1_mQARtFiCCE2weBU", "store": "Rua das Laranjeiras", "schedule": [{"monday": [1, 0], "tuesday": [1, 0], "wednesday": [1, 0], "thursday": [1, 0], "friday": [1, 0]}]}, {"storeId": "ChIJfS3r-49_mQARGm770gTrUc8", "store": "Galeria Condorcet", "schedule": [{"monday": [0, 1], "tuesday": [0, 1], "wednesday": [1, 0], "thursday": [0, 1], "friday": [1, 1]}]}, {"storeId": "ChIJCcdPIo9_mQARHhYRiIlLzSE", "store": "Light Sunflower Holistic Spa", "schedule": [{"monday": [0, 1], "tuesday": [1, 1], "wednesday": [0, 1], "thursday": [0, 1], "friday": [1, 1]}]}, {"storeId": "ChIJGXer4pF_mQARCde6AAt7WKg", "store": "Est\u00e1dio Manoel Schwartz", "schedule": [{"monday": [0, 1], "tuesday": [1, 1], "wednesday": [1, 0], "thursday": [1, 0], "friday": [1, 1]}]}, {"storeId": "ChIJScDtRJB_mQARceLs7WnzqM4", "store": "Hortifruti", "schedule": [{"monday": [1, 1], "tuesday": [1, 1], "wednesday": [1, 1], "thursday": [1, 1], "friday": [1, 1]}]}, {"storeId": "ChIJpblyG5F_mQARgVdwcpTgdq0", "store": "Fuji", "schedule": [{"monday": [1, 1], "tuesday": [1, 1], "wednesday": [1, 1], "thursday": [1, 1], "friday": [1, 1]}]}, {"storeId": "ChIJwYR_tIl_mQARNUpzTYsYD-Q", "store": "Princesa Supermercados - Laranjeiras", "schedule": [{"monday": [1, 1], "tuesday": [1, 1], "wednesday": [1, 1], "thursday": [1, 1], "friday": [1, 1]}]}, {"storeId": "ChIJpcD2rIV_mQARcUmFXQaD_FI", "store": "Sinagoga Beit - Aron", "schedule": [{"monday": [1, 0], "tuesday": [1, 0], "wednesday": [1, 0], "thursday": [1, 0], "friday": [1, 1]}]}, {"storeId": "ChIJyfO4FJp_mQARk_sRfCUAzdk", "store": "T\u00e1xi Pereira da Silva", "schedule": [{"monday": [0, 1], "tuesday": [1, 0], "wednesday": [1, 1], "thursday": [1, 1], "friday": [0, 1]}]}, {"storeId": "ChIJBZhcH49_mQAR76TYEljDSN4", "store": "T\u00c1XI IPIRANGA", "schedule": [{"monday": [0, 1], "tuesday": [1, 1], "wednesday": [0, 1], "thursday": [1, 0], "friday": [1, 0]}]}, {"storeId": "ChIJJUX-PYV_mQARy4fVMFQijls", "store": "Pal\u00e1cio Laranjeiras", "schedule": [{"monday": [1, 1], "tuesday": [0, 1], "wednesday": [1, 1], "thursday": [1, 0], "friday": [1, 0]}]}, {"storeId": "ChIJWX8AxuGBmQARsrvfP1f0Yks", "store": "Rios de Historia Tour", "schedule": [{"monday": [1, 1], "tuesday": [1, 1], "wednesday": [0, 1], "thursday": [1, 0], "friday": [1, 0]}]}, {"storeId": "ChIJV8RTG5B_mQARUz1y4dw9h_s", "store": "FTM Eventos E Turismo", "schedule": [{"monday": [1, 0], "tuesday": [1, 0], "wednesday": [1, 0], "thursday": [1, 1], "friday": [0, 1]}]}, {"storeId": "ChIJQ3lIqt_bmwARNOAipgkEwF4", "store": "B&C Cen\u00e1rios e Equipamentos", "schedule": [{"monday": [1, 1], "tuesday": [0, 1], "wednesday": [0, 1], "thursday": [0, 1], "friday": [1, 0]}]}, {"storeId": "ChIJ_X5tKvl_mQAR_9c4D5qGdw8", "store": "Curso de Did\u00e1tica", "schedule": [{"monday": [0, 1], "tuesday": [1, 1], "wednesday": [1, 1], "thursday": [0, 1], "friday": [0, 1]}]}, {"storeId": "ChIJo7OFfYd_mQARRHT7wX2TPF8", "store": "Clinica Veterinaria vet care", "schedule": [{"monday": [0, 1], "tuesday": [1, 1], "wednesday": [1, 0], "thursday": [1, 0], "friday": [1, 0]}]}, {"storeId": "ChIJqZW8m49_mQARzGWXPkJVqYQ", "store": "Vet An\u00e1lises", "schedule": [{"monday": [1, 1], "tuesday": [1, 1], "wednesday": [0, 1], "thursday": [1, 0], "friday": [1, 1]}]}, {"storeId": "ChIJV3COezx_mQARdNtnU8IQ4fc", "store": "M.V.Marcello Miranda", "schedule": [{"monday": [0, 0], "tuesday": [0, 0], "wednesday": [0, 1], "thursday": [0, 0], "friday": [0, 1]}]}, {"storeId": "ChIJ8xAQHJ1_mQARjQW-Z9lvI4g", "store": "VET POP LARANJEIRAS", "schedule": [{"monday": [0, 1], "tuesday": [0, 1], "wednesday": [0, 1], "thursday": [0, 1], "friday": [1, 0]}]}, {"storeId": "ChIJseNAC3t_mQARH14Hcf6le-8", "store": "Homeopatia Dr. Fernando Diego P. Moreira", "schedule": [{"monday": [0, 1], "tuesday": [0, 1], "wednesday": [0, 1], "thursday": [0, 0], "friday": [1, 0]}]}]